{
    "validation": {
        "epoch_10": {
            "accuracy": 0.9027777777777778,
            "f1_score": 0.9040933402346446
        }
    },
    "test": {
        "epoch_10": {
            "accuracy": 0.8125,
            "f1_score": 0.806860902255639
        }
    },
    "timing": {
        "epoch_10": 6.483688831329346
    }
}